<elements>
  <namespace ns="DSoft.Datatypes.Base">
    <summary>To be added.</summary>
    <remarks>To be added.</remarks>
  </namespace>
  <namespace ns="DSoft.Datatypes.Enums">
    <summary>To be added.</summary>
    <remarks>To be added.</remarks>
  </namespace>
  <namespace ns="DSoft.Datatypes.Formatters">
    <summary>To be added.</summary>
    <remarks>To be added.</remarks>
  </namespace>
  <namespace ns="DSoft.Datatypes.Helpers">
    <summary>To be added.</summary>
    <remarks>To be added.</remarks>
  </namespace>
  <namespace ns="DSoft.Datatypes.Types">
    <summary>To be added.</summary>
    <remarks>To be added.</remarks>
  </namespace>
  <namespace ns="DSoft.Datatypes.UI.Collections">
    <summary>To be added.</summary>
    <remarks>To be added.</remarks>
  </namespace>
  <namespace ns="DSoft.Datatypes.UI.Interfaces">
    <summary>To be added.</summary>
    <remarks>To be added.</remarks>
  </namespace>
  <namespace ns="DSoft.Datatypes.UI">
    <summary>To be added.</summary>
    <remarks>To be added.</remarks>
  </namespace>
  <namespace ns="DSoft.Datatypes">
    <summary>To be added.</summary>
    <remarks>To be added.</remarks>
  </namespace>
</elements>